{"login500": {"latency": {"max": 17059, "min": 61, "percentiles": {"99": 566, "90": 407, "95": 453, "50": 220, "99.999": 15633}, "stdev": 181.59268543685, "mean": 253.18744603006}, "requests": {"max": 79373, "min": 46080, "percentiles": {"99": 78979, "90": 77343, "95": 77959, "50": 58464, "99.999": 79373}, "stdev": 9324.7974508642, "mean": 61409.297029703}, "summary": {"duration": 10100081, "requests": 2467304, "errors": {"read": 0, "status": 0, "write": 0, "connect": 0, "timeout": 0}, "bytes": 177645975}}, "wwwcsvt100": {"latency": {"max": 7369, "min": 152, "percentiles": {"99": 2678, "90": 2446, "95": 2588, "50": 1677, "99.999": 6963}, "stdev": 631.10226784301, "mean": 1840.3839693183}, "requests": {"max": 4580, "min": 282, "percentiles": {"99": 3909, "90": 3270, "95": 3860, "50": 2626, "99.999": 4580}, "stdev": 668.61434438399, "mean": 2617.5521376434}, "summary": {"duration": 10096989, "requests": 499623, "errors": {"read": 0, "status": 0, "write": 0, "connect": 0, "timeout": 0}, "bytes": 11650708992}}, "doom100": {"latency": {"max": 201894, "min": 12190, "percentiles": {"99": 171617, "90": 99569, "95": 111208, "50": 79390, "99.999": 201894}, "stdev": 22980.520430306, "mean": 79514.568459895}, "requests": {"max": 50, "min": 9, "percentiles": {"99": 40, "90": 40, "95": 40, "50": 20, "99.999": 50}, "stdev": 7.207359674018, "mean": 25.226819541376}, "summary": {"duration": 10099042, "requests": 5072, "errors": {"read": 0, "status": 0, "write": 0, "connect": 0, "timeout": 0}, "bytes": 11732872268}}, "login40": {"latency": {"max": 5992, "min": 56, "percentiles": {"99": 454, "90": 241, "95": 292, "50": 140, "99.999": 4520}, "stdev": 80.279140192271, "mean": 160.7317333847}, "requests": {"max": 14313, "min": 10980, "percentiles": {"99": 13878, "90": 13424, "95": 13570, "50": 12340, "99.999": 14313}, "stdev": 630.8656157217, "mean": 12462.029207921}, "summary": {"duration": 10100064, "requests": 2504904, "errors": {"read": 0, "status": 0, "write": 0, "connect": 0, "timeout": 0}, "bytes": 180353398}}, "version": "1.0", "login10k": {"latency": {"max": 6877, "min": 70, "percentiles": {"99": 986, "90": 512, "95": 766, "50": 373, "99.999": 6018}, "stdev": 211.98626071388, "mean": 368.78072819707}, "requests": {"max": 82000, "min": 44850, "percentiles": {"99": 81410, "90": 80610, "95": 81110, "50": 68210, "99.999": 82000}, "stdev": 8224.311567493, "mean": 69904.044554455}, "summary": {"duration": 10096966, "requests": 1405224, "errors": {"read": 0, "status": 0, "write": 0, "connect": 0, "timeout": 0}, "bytes": 101176128}}}