{"login500": {"latency": {"max": 16450, "min": 62, "percentiles": {"99": 568, "90": 410, "95": 451, "50": 217, "99.999": 14677}, "stdev": 178.50719557841, "mean": 254.07636121224}, "requests": {"max": 86404, "min": 38909, "percentiles": {"99": 79383, "90": 77282, "95": 78313, "50": 58131, "99.999": 86404}, "stdev": 8502.0597349609, "mean": 60597.794554455}, "summary": {"duration": 10100303, "requests": 2435643, "errors": {"read": 0, "status": 0, "write": 0, "connect": 0, "timeout": 0}, "bytes": 175366330}}, "wwwcsvt100": {"latency": {"max": 8926, "min": 151, "percentiles": {"99": 2441, "90": 2419, "95": 2428, "50": 1816, "99.999": 8059}, "stdev": 365.45113106885, "mean": 1836.860961101}, "requests": {"max": 4000, "min": 540, "percentiles": {"99": 3464, "90": 3060, "95": 3410, "50": 2680, "99.999": 4000}, "stdev": 556.27175912165, "mean": 2618.3232533889}, "summary": {"duration": 10099879, "requests": 499626, "errors": {"read": 0, "status": 0, "write": 0, "connect": 0, "timeout": 0}, "bytes": 11650791455}}, "doom100": {"latency": {"max": 235916, "min": 24390, "percentiles": {"99": 221144, "90": 125018, "95": 177139, "50": 79067, "99.999": 235916}, "stdev": 42772.755793868, "mean": 81679.650009152}, "requests": {"max": 70, "min": 5, "percentiles": {"99": 60, "90": 40, "95": 50, "50": 20, "99.999": 70}, "stdev": 11.997693989864, "mean": 25.493914807302}, "summary": {"duration": 10099009, "requests": 5074, "errors": {"read": 0, "status": 0, "write": 0, "connect": 0, "timeout": 0}, "bytes": 11732371930}}, "login40": {"latency": {"max": 4559, "min": 56, "percentiles": {"99": 651, "90": 241, "95": 295, "50": 141, "99.999": 3766}, "stdev": 117.18329385937, "mean": 167.60897949045}, "requests": {"max": 14414, "min": 10730, "percentiles": {"99": 13696, "90": 13250, "95": 13430, "50": 12320, "99.999": 14414}, "stdev": 600.68523070616, "mean": 12370.817821782}, "summary": {"duration": 10099394, "requests": 2486414, "errors": {"read": 0, "status": 0, "write": 0, "connect": 0, "timeout": 0}, "bytes": 179022169}}, "version": "1.0", "login10k": {"latency": {"max": 8881, "min": 58, "percentiles": {"99": 1117, "90": 580, "95": 852, "50": 430, "99.999": 6758}, "stdev": 244.68716674204, "mean": 374.71448210237}, "requests": {"max": 81454, "min": 46515, "percentiles": {"99": 81303, "90": 80750, "95": 81030, "50": 65757, "99.999": 81454}, "stdev": 8835.7338532745, "mean": 69045.123762376}, "summary": {"duration": 10099012, "requests": 1387195, "errors": {"read": 0, "status": 0, "write": 0, "connect": 0, "timeout": 0}, "bytes": 99878040}}}